rate,profit
0.08,-3526794.055543026
0.1,-3369822.7682566913
0.12,-3212969.983363917
0.13999999999999999,-3056235.3404989103
0.15999999999999998,-2899618.477613936
0.18,-2743119.0310194176
0.19999999999999998,-2586736.635423732
0.21999999999999997,-2430470.9239727072
0.24,-2274321.5282888147
0.25999999999999995,-2118288.0785100656
0.27999999999999997,-1962370.20332859
0.3,-1806567.5300289206
