Parameter,First Order S1,Total Order ST
rate,0.04882707558348895,0.05991847076682214
term_months,0.03963851152000289,0.05649670209786926
amount,0.29508333325647473,0.42337265464597607
credit_score,0.4768103889310567,0.5915690009784929
